date,spot_price,portfolio_value_usd,daily_pnl_usd,cumulative_pnl_usd,spot_mtm_pnl_usd,futures_unrealized_pnl_usd,futures_realized_pnl_usd
2025-01-02,96984.785,1016307.3958210894,16307.39582108939,16307.39582108939,34888.653244819965,-18581.257423730545,0.0
2025-01-03,98163.92499999999,1016311.6387788992,4.242957809823565,16311.638778899214,47477.1518848198,-31165.51310592061,0.0
2025-01-04,98220.505,1017472.4281336569,1160.7893547576386,17472.428133656853,48081.19996481998,-30608.771831163114,0.0
2025-01-05,98343.17,1020886.7205135681,3414.2923799112905,20886.720513568143,49390.77150481991,-28504.050991251712,0.0
2025-01-06,102235.10500000001,1023359.7683959898,2473.0478824216407,23359.768395989784,90941.06956482003,-67581.3011688303,0.0
2025-01-07,96936.23000000001,1025119.3333764925,1759.564980502706,25119.33337649249,34370.280064820035,-8771.236580623254,-479.7101077043928
2025-01-08,95074.565,1025295.2498294928,175.9164530002745,25295.249829492765,14495.14452481995,11279.815412377246,-479.7101077043928
2025-01-09,92531.1,1024210.3136989024,-1084.9361305903876,24210.313698902377,-12658.887815180013,37348.911621786756,-479.7101077043928
2025-01-10,94726.10500000001,1026853.4927970332,2643.179098130786,26853.492797033163,10774.985564820037,16558.217339917555,-479.7101077043928
2025-01-11,94598.025,1028691.0150850759,1837.5222880427027,28691.015085075865,9407.603484819863,19763.121707960414,-479.7101077043928
2025-01-12,94518.685,1030165.6540280816,1474.6389430057025,30165.654028081568,8560.569644819901,22084.79449096602,-479.7101077043928
2025-01-13,94541.505,1028761.2023784807,-1404.4516496008728,28761.202378480695,8804.195964819975,20436.716521365113,-479.7101077043928
2025-01-14,96548.905,1029025.8441731517,264.6417946709553,29025.84417315165,30235.198364819913,-729.6440839637934,-479.7101077043928
2025-01-15,100497.35500000001,1028615.6278521055,-410.2163210461149,28615.627852105536,72388.85056482004,-43293.512605010044,-479.7101077043928
2025-01-16,100007.885,1028218.7839482477,-396.84390385786537,28218.78394824767,67163.26884481988,-38464.774788867806,-479.7101077043928
2025-01-17,104078.65,1030321.6667240384,2102.8827757907566,30321.666724038427,110622.75598481986,-79821.37915307717,-479.7101077043928
2025-01-18,104541.965,1033253.7056583106,2932.038934272132,33253.70565831056,115569.10692481989,-81835.69115880507,-479.7101077043928
2025-01-19,101275.995,1027967.771587854,-5285.93407045654,27967.77158785402,80701.61120481987,-52254.12950926137,-479.7101077043928
2025-01-20,102212.0,1033722.4920940311,5754.720506177051,33722.49209403107,90694.40058481993,-56492.19838308452,-479.7101077043928
2025-01-21,106171.905,1029201.1719307568,-4521.3201632743,29201.17193075677,132970.3463648199,-103289.46432635878,-479.7101077043928
2025-01-22,103690.795,1032489.8858332232,3288.713902466465,32489.885833223234,106482.0160048199,-73512.42006389228,-479.7101077043928
2025-01-23,103893.16,1030694.5934767032,-1795.2923565200763,30694.593476703158,108642.46474481997,-77468.16116041254,-479.7101077043928
2025-01-24,104857.995,1033639.7015045551,2945.1080278519075,33639.701504555065,118943.04320481987,-84823.63159256033,-479.7101077043928
2025-01-25,104746.86,1034755.5475538524,1115.8460492973682,34755.54755385243,117756.56594481993,-82521.30828326309,-479.7101077043928
2025-01-26,102656.005,1033057.5733625386,-1697.9741913138423,33057.57336253859,95434.59796481997,-61897.31449457697,-479.7101077043928
2025-01-27,102096.775,1033570.7462074197,513.1728448810754,33570.74620741967,89464.25848481986,-55413.8021696959,-479.7101077043928
2025-01-28,101362.765,1036174.2632858314,2603.5170784117654,36174.26328583143,81627.96772481992,-44973.99433128412,-479.7101077043928
2025-01-29,103720.875,1037641.5783849146,1467.31509908312,37641.57838491455,106803.15008481992,-68681.86159220096,-479.7101077043928
2025-01-30,104722.945,1042352.3892415806,4710.810856666067,42352.38924158062,117501.24940482,-74669.15005553485,-479.7101077043928
2025-01-31,102422.305,1040828.474114967,-1523.915126613574,40828.474114967044,92939.61676481985,-51631.432542148454,-479.7101077043928
2025-02-01,100657.665,1040943.5295562883,115.05544132122304,40943.52955628827,74100.32012481986,-32677.080460827176,-479.7101077043928
2025-02-02,97704.91500000001,1045925.5831779547,4982.0536216663895,45925.58317795466,42576.76112482001,3594.223649510645,-245.40159637592583
2025-02-03,101308.725,1047074.1503407052,1148.5671627505217,47074.15034070518,81051.03668481999,-33731.484747738774,-245.40159637592583
2025-02-04,97794.15,1050023.0846097565,2948.9342690513004,50023.08460975648,43529.433984819865,6739.052221312627,-245.40159637592583
2025-02-05,96605.515,1051300.6269691426,1277.542359386105,51300.626969142584,30839.56672481992,20706.46184069861,-245.40159637592583
2025-02-06,96565.41,1051177.8365639595,-122.79040518309921,51177.836563959485,30411.405744819964,21011.832415515375,-245.40159637592583
2025-02-07,96505.67,1054385.0312858946,3207.194721935084,54385.03128589457,29773.62150481991,24856.8113774507,-245.40159637592583
2025-02-08,96441.73000000001,1055272.37213349,887.340847595362,55272.37213348993,29090.998064820036,26426.775665045723,-245.40159637592583
2025-02-09,96465.58499999999,1054418.7148313564,-853.6573021335062,54418.714831356425,29345.67404481984,25318.44238291268,-245.40159637592583
2025-02-10,97438.79000000001,1057270.0541531933,2851.339321836829,57270.054153193254,39735.610624820016,17779.845124749183,-245.40159637592583
2025-02-11,95769.1,1056655.9561120467,-614.098041146528,56655.956112046726,21910.000184819986,34991.35752360269,-245.40159637592583
2025-02-12,97878.99,1057368.0582514922,712.1021394454874,57368.05825149221,44435.18582481998,13178.274023048274,-245.40159637592583
2025-02-13,96604.82,1058254.9872047605,886.9289532683324,58254.987204760546,30832.14690482,27668.241896316427,-245.40159637592583
2025-02-14,97505.35,1059369.07979824,1114.092593479436,59369.07979823998,40446.20518481999,19168.276209795975,-245.40159637592583
2025-02-15,97569.66500000001,1060023.7041441076,654.6243458676618,60023.70414410764,41132.832124820015,19136.273615663613,-245.40159637592583
2025-02-16,96140.725,1059681.5425985344,-342.1615455732681,59681.542598534375,25877.46868481999,34049.47551009025,-245.40159637592583
2025-02-17,95781.61,1062952.5990468026,3271.0564482682385,62952.599046802614,22043.55694481993,41154.44369835853,-245.40159637592583
2025-02-18,95650.505,1062481.1746430567,-471.4244037459139,62481.1746430567,20643.879964819975,42082.6962746126,-245.40159637592583
2025-02-19,96644.37,1063685.8742991898,1204.6996561330743,63685.874299189774,31254.382704819876,32676.893190745828,-245.40159637592583
2025-02-20,98300.505,1065088.9324991044,1403.058199914638,65088.93249910441,48935.27996481997,16399.054130660395,-245.40159637592583
2025-02-21,96178.41,1064266.6350955989,-822.2974035055377,64266.635095598875,26279.793744819963,38232.242947154824,-245.40159637592583
2025-02-22,96551.005,1063998.8002621946,-267.8348334042821,63998.80026219459,30257.617964819976,33986.58389375047,-245.40159637592583
2025-02-23,96256.35,1063853.2739071609,-145.5263550337404,63853.27390716085,27111.881184819988,36986.79431871687,-245.40159637592583
2025-02-24,91489.91,1063823.4037719013,-29.87013525958173,63823.40377190127,-23774.632255180037,82251.63984932468,5346.396177756519
2025-02-25,88708.65,1059386.4950320097,-4436.908739891602,59386.49503200967,-53467.36401518014,107507.4628694333,5346.396177756519
2025-02-26,84238.695,1055290.4619375395,-4096.033094470156,55290.46193753951,-101188.60359518,139155.94302336255,17323.122509356945
2025-02-27,84746.815,1055006.0356092027,-284.42632833682,55006.03560920269,-95763.91447518005,133446.8275750257,17323.122509356945
2025-02-28,84382.245,1056515.804775007,1509.7691658043768,56515.80477500707,-99656.06379518013,138848.7460608302,17323.122509356945
2025-03-01,86073.67,1059961.5787866309,3445.774011623813,59961.57878663088,-81598.4104951801,124236.86677245384,17323.122509356945
2025-03-02,94254.055,1077990.0687816988,18028.48999506794,77990.06878169882,5735.379764819851,54931.56650752179,17323.122509356945
2025-03-03,86191.265,1072129.947704005,-5860.121077693766,72129.94770400506,-80342.96627518008,123586.24476849452,28886.66921069076
2025-03-04,87264.15,1076350.6741910547,4220.7264870496,76350.67419105466,-68888.84601518014,116352.85099554413,28886.66921069076
2025-03-05,90620.995,1080931.2770528477,4580.602861793013,80931.27705284767,-33051.16879518012,85095.77663733695,28886.66921069076
2025-03-06,89922.28,1079994.6679168441,-936.6091360035352,79994.66791684413,-40510.65013518009,91618.64884133346,28886.66921069076
2025-03-07,86789.695,1075142.237058905,-4852.43085793918,75142.23705890495,-73954.12759518,120209.69544339422,28886.66921069076
2025-03-08,86199.465,1073989.5129558453,-1152.7241030596197,73989.51295584533,-80255.42307518011,125358.26682033473,28886.66921069076
2025-03-09,80664.94,1063706.0468508604,-10283.466104984982,63706.04685086035,-139342.01197518004,162994.77150265063,40053.28732338977
2025-03-10,78529.86499999999,1058567.0564317938,-5138.990419066511,58567.05643179384,-162136.07267518018,180649.84178358424,40053.28732338977
2025-03-11,82905.64499999999,1069390.337989227,10823.281557433074,69390.33798922691,-115420.24539518019,144757.29606101735,40053.28732338977
2025-03-12,83650.375,1070455.2185572744,1064.8805680475198,70455.21855727443,-107469.50791518007,137871.43914906486,40053.28732338977
2025-03-13,81100.94,1064308.685101814,-6146.533455460332,64308.6851018141,-134687.27597518006,158942.67375360455,40053.28732338977
2025-03-14,83971.515,1072564.9847884253,8256.299686611164,72564.98478842527,-104041.01727518009,136552.71474021557,40053.28732338977
2025-03-15,84338.435,1073545.0939788197,980.1091903944034,73545.09397881967,-100123.7793551801,133615.58601061,40053.28732338977
2025-03-16,82568.715,1069450.073901267,-4095.0200775526464,69450.07390126702,-119017.31007518011,148414.0966530574,40053.28732338977
2025-03-17,84032.13,1072598.7976136568,3148.723712389823,72598.79761365685,-103393.89153518002,135939.40182544716,40053.28732338977
2025-03-18,82723.485,1072372.3629891956,-226.4346244612243,72372.36298919562,-117364.98555518007,149684.06122098598,40053.28732338977
2025-03-19,86834.485,1081123.544406869,8751.18141767336,81123.54440686898,-73475.94955518006,114546.2066386594,40053.28732338977
2025-03-20,84202.575,1078223.7184862539,-2899.8259206151124,78223.71848625387,-101574.22071518011,139744.65187804424,40053.28732338977
2025-03-21,84084.59,1078605.602122816,381.8836365621537,78605.60212281602,-102833.82857518012,141386.14337460656,40053.28732338977
2025-03-22,83840.58499999999,1077774.5788288,-831.0232940160204,77774.5788288,-105438.82595518016,143160.11746059053,40053.28732338977
2025-03-23,86059.965,1081418.3080409418,3643.7292121418286,81418.30804094183,-81744.72507518012,123109.74579273234,40053.28732338977
2025-03-24,87496.905,1083744.4104894274,2326.102448485559,83744.41048942739,-66403.95363518009,110095.0768012179,40053.28732338977
2025-03-25,87399.64,1082403.9162322807,-1340.4942571467254,82403.91623228067,-67442.35477518008,109792.98368407102,40053.28732338977
2025-03-26,86897.75,1083019.9019911329,615.9857588522136,83019.90199113288,-72800.53241518007,115767.14708292318,40053.28732338977
2025-03-27,87233.255,1084249.3429116516,1229.4409205187112,84249.34291165159,-69218.68103518002,113414.73662344177,40053.28732338977
2025-03-28,84406.19,1065935.9535947302,-18313.389316921355,65935.95359473024,-99400.42697518005,125283.09324652054,40053.28732338977
2025-03-29,82637.23499999999,1064603.0567223886,-1332.8968723416328,64603.0567223886,-118285.79055518023,135932.61164139892,46956.23563616995
2025-03-30,82369.875,1064164.352102068,-438.70462032058276,64164.35210206802,-121140.12591518008,138348.24238107813,46956.23563616995
2025-03-31,82565.04000000001,1065622.9374903883,1458.5853883202653,65622.93749038829,-119056.54437517999,137723.24622939833,46956.23563616995
2025-04-01,85160.36,1081682.0628517503,16059.125361362007,81682.06285175029,-91348.90805518007,126074.73527076037,46956.23563616995
2025-04-02,82513.39499999999,1078495.2752942955,-3186.7875574547797,78495.27529429551,-119607.9063951802,151146.94605330564,46956.23563616995
2025-04-03,83173.98999999999,1077799.9808699486,-695.294424346881,77799.98086994863,-112555.39417518018,143399.13940895896,46956.23563616995
2025-04-04,83881.495,1079124.6979546198,1324.7170846711379,79124.69795461977,-105002.07079518013,137170.53311363005,46956.23563616995
2025-04-05,83538.85500000001,1079059.1678087513,-65.53014586842619,79059.16780875134,-108660.09543517996,140763.02760776144,46956.23563616995
2025-04-06,78376.83,1071015.177456263,-8043.990352488356,71015.17745626299,-163769.87433518007,178162.72201171226,56622.32977973082
2025-04-07,79188.28,1071479.8071462556,464.6296899926383,71479.80714625563,-155106.83413518008,169964.31150170485,56622.32977973082
2025-04-08,76337.945,1063290.3191604237,-8189.487985831918,63290.31916042371,-185537.01059518,192204.9999758729,56622.32977973082
2025-04-09,82607.675,1077814.5781356876,14524.258975263918,77814.57813568763,-118601.37311518005,139793.62147113675,56622.32977973082
2025-04-10,79633.97,1074236.1069766309,-3578.4711590567604,74236.10697663086,-150348.64769518006,167962.4248920801,56622.32977973082
2025-04-11,83428.62,1082380.3973094933,8144.290332862409,82380.39730949327,-109836.96429518012,135595.03182494268,56622.32977973082
2025-04-12,85289.72,1085278.4402903148,2898.0429808215704,85278.44029031484,-89967.86069518006,118623.97120576393,56622.32977973082
2025-04-13,83737.0,1082137.4127311113,-3141.0275592035614,82137.41273111128,-106544.69941518008,132059.78236656066,56622.32977973082
2025-04-14,84579.565,1084919.736880317,2782.324149205815,84919.7368803171,-97549.47547518005,125846.88257576627,56622.32977973082
2025-04-15,83662.375,1082057.3456941238,-2862.39118619333,82057.34569412377,-107341.39591518008,132776.41182957307,56622.32977973082
2025-04-16,84034.79999999999,1082825.8074186791,768.4617245553527,82825.80741867912,-103365.3866151802,129568.86425412855,56622.32977973082
2025-04-17,84926.09,1085096.2316789778,2270.4242602987215,85096.23167897784,-93849.97457518011,122323.87647442704,56622.32977973082
2025-04-18,84482.77,1084327.481846123,-768.749832854839,84327.481846123,-98582.85889518003,126288.01096157232,56622.32977973082
2025-04-19,85072.04000000001,1084485.4275790793,157.94573295628652,84485.42757907929,-92291.81237517999,120154.91017452836,56622.32977973082
2025-04-20,85182.9,1085833.6655246774,1348.2379455980845,85833.66552467737,-91108.27101518014,120319.60676012674,56622.32977973082
2025-04-21,87515.58499999999,1090958.0739078275,5124.408383150119,90958.0739078275,-66204.52595518016,100540.27008327686,56622.32977973082
2025-04-22,93417.15,1097403.3797954202,6445.305887592724,97403.37979542022,-3199.418015180137,43980.468030869575,56622.32977973082
2025-04-23,93692.565,1097919.0061971594,515.626401739195,97919.00619715941,-259.0874751800497,41555.76389260862,56622.32977973082
2025-04-24,93951.735,1097596.2581129016,-322.7480842578225,97596.25811290159,2507.8114448199317,38466.1168883509,56622.32977973082
2025-04-25,94653.22,1097609.782950173,13.524837271310389,97609.7829501729,9996.865304819938,30990.58786562227,56622.32977973082
2025-04-26,94617.685,1096704.9011177304,-904.8818324424792,96704.90111773042,9617.4936448199,30465.077693179588,56622.32977973082
2025-04-27,93738.725,1097551.875783999,846.9746662685648,97551.87578399898,233.71668481998756,40695.82931944812,56622.32977973082
2025-04-28,94981.78,1098240.372707707,688.4969237081241,98240.37270770711,13504.571864819913,28113.471063156332,56622.32977973082
2025-04-29,94262.01500000001,1096930.708420107,-1309.6642876002006,96930.70842010691,5820.360724820074,34488.01791555603,56622.32977973082
2025-04-30,94182.465,1097156.0459240733,225.3375039664097,97156.04592407332,4971.084924819888,35562.631219522635,56622.32977973082
2025-05-01,96491.18,1098893.2900542852,1737.2441302118823,98893.2900542852,29618.926264819853,12652.034009734538,56622.32977973082
2025-05-02,96887.13500000001,1100483.376449116,1590.0863948308397,100483.37644911604,33846.14184482003,10014.90482456523,56622.32977973082
2025-05-03,95873.205,1100541.3128432739,57.93639415781945,100541.31284327386,23021.425164819946,20897.557898723204,56622.32977973082
2025-05-04,94305.45,1101817.1186659439,1275.805822669994,101817.11866594385,6284.072784819895,38910.7161013931,56622.32977973082
2025-05-05,94741.435,1101285.3257793353,-531.7928866085131,101285.32577933534,10938.648644819901,33724.34735478474,56622.32977973082
2025-05-06,96814.22,1103087.9681153514,1802.6423360160552,103087.9681153514,33067.70130481994,13397.937030800602,56622.32977973082
2025-05-07,97025.245,1103544.230800128,456.26268477668054,103544.23080012808,35320.60420481988,11601.296815577429,56622.32977973082
2025-05-08,103259.13500000001,1105593.139347622,2048.908547493862,105593.13934762194,101873.61384482002,-52902.80427692897,56622.32977973082
2025-05-09,102971.995,1106130.3284903818,537.1891427598894,106130.32849038183,98808.10720481988,-49300.10849416882,56622.32977973082
2025-05-10,104746.035,1104257.049634003,-1873.2788563787472,104257.04963400308,117747.75824481997,-70113.03839054774,56622.32977973082
2025-05-11,104125.425,1104531.334278866,274.28464486286975,104531.33427886595,111122.12588481996,-63213.1213856848,56622.32977973082
2025-05-12,102793.255,1105783.862019762,1252.527740895981,105783.86201976193,96899.87896481997,-47738.346724788935,56622.32977973082
2025-05-13,104113.22,1104071.0460528773,-1712.8159668846056,104071.04605287733,110991.82530481994,-63543.10903167335,56622.32977973082
2025-05-14,103507.82500000001,1105042.1669115033,971.1208586259745,105042.1669115033,104528.62828482005,-56108.7911530477,56622.32977973082
2025-05-15,103745.85,1106319.9873514492,1277.8204399459064,106319.9873514492,107069.78318481999,-57372.125613101656,56622.32977973082
2025-05-16,103467.04500000001,1106556.0136817642,236.0263303150423,106556.01368176425,104093.26100482006,-54159.577102786585,56622.32977973082
2025-05-17,103121.445,1107881.1018930974,1325.0882113331463,107881.1018930974,100403.63540482,-49144.86329145357,56622.32977973082
2025-05-18,106440.745,1103621.3852298367,-4259.716663260711,103621.38522983668,135840.48220481988,-88841.42675471389,56622.32977973082
2025-05-19,105574.98000000001,1105769.0788152998,2147.693585463101,105769.07881529978,126597.57506482003,-77450.82602925108,56622.32977973082
2025-05-20,106810.76999999999,1105035.092547992,-733.9862673077732,105035.09254799201,139790.8691048198,-91378.1063365586,56622.32977973082
2025-05-21,109644.43,1102803.7725729865,-2231.3199750054628,102803.77257298655,170043.02326481984,-123861.58047156395,56622.32977973082
2025-05-22,111706.775,1100111.2996959272,-2692.4728770593647,100111.29969592718,192060.61848481986,-148571.64856862352,56622.32977973082
2025-05-23,107274.18,1105605.741935441,5494.442239513854,105605.74193544104,144738.23426481985,-95754.82210910963,56622.32977973082
2025-05-24,107771.235,1105678.9737078103,73.23177236923948,105678.97370781028,150044.79344481992,-100988.14951674062,56622.32977973082
2025-05-25,109006.065,1104404.8049088407,-1274.168798969593,104404.80490884068,163227.83852481996,-115445.36339571027,56622.32977973082
2025-05-26,109441.81,1103913.752873911,-491.05203492962755,103913.75287391106,167879.85214481992,-120588.42905063972,56622.32977973082
2025-05-27,108938.16500000001,1104625.6428885753,711.89001466427,104625.64288857533,162502.93812482,-114499.62501597572,56622.32977973082
2025-05-28,107777.61499999999,1106286.4010012245,1660.7581126492005,106286.40100122453,150112.90632481984,-100448.83510332633,56622.32977973082
2025-05-29,105619.04999999999,1109588.614105556,3302.2131043314002,109588.61410555593,127068.0663848198,-74101.78205899481,56622.32977973082
2025-05-30,103960.25,1111883.4325053971,2294.8183998411987,111883.43250539713,109358.71758481993,-51292.45065109736,53817.16557167459
2025-05-31,104593.92000000001,1111711.820852939,-171.6116524580866,111711.82085293904,116123.77850482006,-58229.12322355546,53817.16557167459
2025-06-01,105619.435,1110942.8478052355,-768.9730477035046,110942.84780523553,127072.1766448199,-69946.49441125905,53817.16557167459
2025-06-02,105841.22,1111006.56594521,63.7181399744004,111006.56594520994,129439.95330481994,-72250.55293128458,53817.16557167459
2025-06-03,105365.92499999999,1111474.2517436398,467.685798429884,111474.25174363982,124365.7038848198,-66708.6177128545,53817.16557167459
2025-06-04,104688.475,1113130.7617482329,1656.5100045930594,113130.76174823288,117133.24768481999,-57819.65150826165,53817.16557167459
2025-06-05,101503.61,1115108.3910599723,1977.629311739467,115108.39105997235,83131.62894481994,-21840.403456522185,53817.16557167459
2025-06-06,104289.54999999999,1112897.6646789182,-2210.726381054148,112897.6646789182,112874.3243848198,-53793.82527757618,53817.16557167459
2025-06-07,105546.07500000001,1113283.477698476,385.813019557856,113283.47769847605,126288.98528482005,-66822.67315801831,53817.16557167459
2025-06-08,105734.035,1112813.7563615516,-469.72133692447096,112813.75636155158,128295.64624481996,-69299.05545494321,53817.16557167459
2025-06-09,110255.495,1111588.4680635338,-1225.288298017811,111588.46806353377,176566.7532048199,-118795.45071296072,53817.16557167459
2025-06-10,110260.53,1111212.572359756,-375.89570377767086,111212.5723597561,176620.5068648199,-119225.1000767386,53817.16557167459
2025-06-11,108651.325,1113685.3507407736,2472.7783810175024,113685.3507407736,159440.63428481988,-99572.44911572072,53817.16557167459
2025-06-12,105783.03,1117456.4897555145,3771.13901474094,117456.48975551454,128818.71686481991,-65179.39268097992,53817.16557167459
2025-06-13,106076.035,1116935.7943810988,-520.6953744157217,116935.79438109882,131946.83824481996,-68828.20943539595,53817.16557167459
2025-06-14,105420.775,1118130.3373244093,1194.5429433104582,118130.33732440928,124951.28248481987,-60638.11073208539,53817.16557167459
2025-06-15,105571.705,1118111.625278581,-18.712045828346163,118111.62527858093,126562.61116481994,-62268.151457913744,53817.16557167459
2025-06-16,106747.72,1116772.0107066138,-1339.6145719671622,116772.01070661377,139117.74730481993,-76162.9021698809,53817.16557167459
2025-06-17,104561.525,1119316.0386730314,2544.027966417605,119316.03867303138,115777.92948481986,-47682.02416180421,51220.13335001581
2025-06-18,104883.86499999999,1119621.8348869854,305.7962139539886,119621.83488698537,119219.23132481983,-50817.529787850275,51220.13335001581
2025-06-19,104662.98,1119960.0738555465,338.2389685611706,119960.07385554654,116861.06306481989,-48121.12255928913,51220.13335001581
2025-06-20,103287.495,1120474.603580141,514.5297245944384,120474.60358014097,102176.38520481988,-32921.91497469475,51220.13335001581
2025-06-21,102121.08499999999,1120876.5962915423,401.9927114013117,120876.59629154229,89723.79204481984,-20067.329103293272,51220.13335001581
2025-06-22,100978.16,1120965.3111956601,88.71490411786363,120965.31119566015,77521.92474481996,-7776.746899175759,51220.13335001581
2025-06-23,105336.18,1118794.4433639818,-2170.8678316783626,118794.44336398179,124048.14626481985,-56473.83625085389,51220.13335001581
2025-06-24,106042.59,1118663.0336531457,-131.40971083613113,118663.03365314566,131589.7794248199,-64146.87912169005,51220.13335001581
2025-06-25,107346.595,1118056.9781318642,-606.0555212814361,118056.97813186422,145511.33680481993,-3818.7118657608144,-23635.646807194902
2025-06-26,106939.94,1118430.9787745234,374.0006426591426,118430.97877452336,141169.88802481996,896.7375568982809,-23635.646807194902
2025-06-27,107039.38,1101282.6840072975,-17148.29476722586,101282.6840072975,142231.50946481997,-17313.17865032754,-23635.646807194902
2025-06-28,107296.785,1102051.5940652746,768.9100579770748,102051.59406527458,144979.56524481997,-19292.324372350417,-23635.646807194902
2025-06-29,108356.92499999999,1100068.6674168333,-1982.9266484412365,100068.66741683334,156297.6198848198,-32593.30566079154,-23635.646807194902
2025-06-30,107158.115,1101337.8136425512,1269.14622571785,101337.81364255119,143499.12432481998,-18525.663875073915,-23635.646807194902
2025-07-01,105681.13500000001,1123695.5739760827,22357.760333531536,123695.57397608273,127730.88584482003,19600.33493845765,-23635.646807194902
2025-07-02,108824.67000000001,1123050.126890004,-645.4470860788133,123050.12689000391,161291.26550482007,-14605.491807621185,-23635.646807194902
2025-07-03,109588.72,1121794.3573522526,-1255.76953775133,121794.35735225258,169448.26330481994,-24018.259145372398,-23635.646807194902
2025-07-04,107984.245,1122235.1005574216,440.74320516898297,122235.10055742157,152318.88820481987,-6448.140840203463,-23635.646807194902
2025-07-05,108198.11499999999,1123423.9617850292,1188.8612276075874,123423.96178502915,154602.16432481984,-7542.55573259573,-23635.646807194902
2025-07-06,109203.845,1121882.6157974508,-1541.3459875783883,121882.61579745077,165339.33780481995,-19821.07520017427,-23635.646807194902
2025-07-07,108281.47,1123060.588945074,1177.973147623241,123060.588945074,155492.06230481993,-8795.826552550958,-23635.646807194902
2025-07-08,108915.34,1121771.2550882278,-1289.333856846206,121771.2550882278,162259.25842481988,-16852.35652939714,-23635.646807194902
2025-07-09,111238.315,1119475.4292621193,-2295.8258261084557,119475.42926211935,187059.33952481995,-43948.26345550568,-23635.646807194902
2025-07-10,115996.86,1120096.081621894,620.652359774569,120096.08162189391,237861.56594481994,-94129.8375157312,-23635.646807194902
2025-07-11,117527.66500000001,1117298.000390183,-2798.0812317109667,117298.00039018295,254204.44012482002,-113270.79292744209,-23635.646807194902
2025-07-12,117410.47,1116491.0455416618,-806.9548485211562,116491.04554166179,252953.26630481993,-112826.57395596303,-23635.646807194902
2025-07-13,119066.275,1114940.4874643164,-1550.5580773453694,114940.48746431642,270630.6404848199,-132054.50621330854,-23635.646807194902
2025-07-14,119856.18,1114386.9778085183,-553.5096557980869,114386.97780851834,279063.66626481985,-141041.04164910657,-23635.646807194902
2025-07-15,117769.27,1115235.699370764,848.7215622456279,115235.69937076396,256783.81510481998,-117912.46892686113,-23635.646807194902
2025-07-16,118660.42499999999,1115201.564068387,-34.135302376933396,115201.56406838703,266297.7858848198,-127460.57500923809,-23635.646807194902
2025-07-17,119185.275,1115979.438894309,777.8748259220738,115979.4388943091,271901.08448481985,-132285.9987833157,-23635.646807194902
2025-07-18,117924.845,1115852.8706311646,-126.56826314446516,115852.87063116464,258444.73380481993,-118956.2163664602,-23635.646807194902
2025-07-19,117862.48999999999,1115008.6604265631,-844.2102046015207,115008.66042656312,257779.03182481983,-119134.72459106162,-23635.646807194902
2025-07-20,117278.64499999999,1115176.5974011167,167.93697455362417,115176.59740111674,251545.90260481983,-112733.65839650815,-23635.646807194902
2025-07-21,117380.36499999999,1116081.8459367203,905.2485356035177,116081.84593672026,252631.86532481984,-112914.37258090466,-23635.646807194902
2025-07-22,119954.42499999999,1113739.2834629507,-2342.5624737695325,113739.28346295073,280112.5298848198,-142737.59961467428,-23635.646807194902
2025-07-23,118732.465,1113762.308957233,23.025494282366708,113762.3089572331,267066.88492481987,-129668.92916039201,-23635.646807194902
2025-07-24,118307.155,1115632.8280212826,1870.5190640494693,115632.82802128256,262526.2753648199,-123257.80053634245,-23635.646807194902
2025-07-25,117622.11,1117174.167062586,1541.3390413033776,117174.16706258594,255212.73494481994,-114402.9210750392,-23635.646807194902
2025-07-26,117912.49,1116440.1710933803,-733.9959692056291,116440.17109338031,258312.83182482,-118237.0139242449,-23635.646807194902
2025-07-27,119399.295,1113692.6006129633,-2747.5704804169945,113692.60061296332,274185.9620048199,-136857.71458466156,-23635.646807194902
2025-07-28,118031.21,1115989.0512368374,2296.450623874087,115989.0512368374,259580.28654482,-119955.58850078785,-23635.646807194902
2025-07-29,117950.755,1117608.042838736,1618.9916018985678,117608.04283873597,258721.34896481998,-117477.65931888901,-23635.646807194902
2025-07-30,117840.295,1121230.4399314586,3622.397092722589,121230.43993145856,257542.07800481992,-112675.99126616627,-23635.646807194902
2025-07-31,115753.805,1122876.3147286621,1645.874797203578,122876.31472866214,235266.71076481984,-88754.74922896276,-23635.646807194902
2025-08-01,113340.955,1127786.078480171,4909.763751508901,127786.07848017104,209507.12416481995,-58085.39887745401,-23635.646807194902
2025-08-02,112552.465,1125443.7558794487,-2342.322600722313,125443.75587944873,201089.2049248199,-52009.80223817637,-23635.646807194902
2025-08-03,114208.805,1125032.921473711,-410.8344057376962,125032.92147371103,218772.29076481986,-70103.722483914,-23635.646807194902
2025-08-04,115057.515,1123478.9947320723,-1553.9267416386865,123478.99473207234,227833.1187248199,-80718.47718555266,-23635.646807194902
2025-08-05,114136.765,1123996.558696225,517.5639641527086,123996.55869622505,218003.19172481992,-70370.9862213998,-23635.646807194902
2025-08-06,114992.265,1123955.8128394908,-40.74585673422553,123955.81283949083,227136.50972481992,-79545.05007813424,-23635.646807194902
2025-08-07,117472.015,1121882.900379948,-2072.912459542742,121882.90037994809,253610.32072481993,-108091.77353767707,-23635.646807194902
2025-08-08,116674.735,1122370.115337666,487.2149577178061,122370.11533766589,245098.55944481993,-99092.79729995927,-23635.646807194902
2025-08-09,116465.19,1121380.0075791727,-990.1077584931627,121380.00757917273,242861.45702481995,-97845.80263845234,-23635.646807194902
2025-08-10,119290.4,1120302.8094491172,-1077.1981300555635,120302.80944911717,273023.3989848199,-129084.94272850775,-23635.646807194902
2025-08-11,118686.005,1120067.6341117893,-235.17533732787706,120067.63411178929,266570.87796481996,-122867.59704583585,-23635.646807194902
2025-08-12,120153.03,1119839.9395144677,-227.69459732156247,119839.93951446773,282232.8368648199,-138757.25054315728,-23635.646807194902
2025-08-13,123298.835,1116019.556737117,-3820.382777350722,116019.556737117,315817.45104482,-176162.24750050806,-23635.646807194902
2025-08-14,118285.54000000001,1123567.2075860777,7547.650848960737,123567.20758607774,262295.51362482004,-115092.65923154724,-23635.646807194902
2025-08-15,117332.34,1126055.600947672,2488.393361594295,126055.60094767204,252119.1504248199,-97471.08629065029,-28592.46318649749
2025-08-16,117391.115,1127163.679281716,1108.0783340439666,127163.679281716,252746.63232481998,-96990.48985660626,-28592.46318649749
2025-08-17,117392.94,1127967.9935111369,804.3142294208519,127967.99351113685,252766.11602481996,-96205.65932718547,-28592.46318649749
2025-08-18,116202.53,1130829.8942604088,2861.9007492719684,130829.89426040882,240057.29886481992,-80634.94141791367,-28592.46318649749
2025-08-19,112851.905,1134959.8215180684,4129.927257659612,134959.82151806843,204286.0263648199,-40733.74166025386,-28592.46318649749
2025-08-20,114271.23000000001,1133135.8627989704,-1823.9587190980092,133135.86279897043,219438.74006482004,-57710.414079352144,-28592.46318649749
2025-08-21,112475.625,1134557.8759742135,1422.0131752430461,134557.87597421347,200268.86108481992,-37118.52192410902,-28592.46318649749
2025-08-22,116926.975,1129489.5164516799,-5068.359522533603,129489.51645167987,247791.47368482,-89709.49404664234,-28592.46318649749
2025-08-23,115441.295,1130262.7035010937,773.1870494137984,130262.70350109367,231930.3540048199,-73075.18731722861,-28592.46318649749
2025-08-24,113479.295,1130596.2159712685,333.51247017481364,130596.21597126848,210984.0420048199,-51795.36284705396,-28592.46318649749
2025-08-25,110110.58499999999,1136121.050760572,5524.834789303597,136121.05076057208,175019.69404481983,-9671.81438999327,-29226.8288942546
2025-08-26,111755.03,1135471.7294873968,-649.321273175301,135471.72948739678,192575.78886481992,-27877.23048316851,-29226.8288942546
2025-08-27,111250.20999999999,1136088.4936987392,616.7642113424372,136088.4936987392,187186.33054481985,-21871.007951826028,-29226.8288942546
2025-08-28,112558.28,1137028.3716952046,939.8779964654241,137028.37169520464,201151.28586481992,-34896.08527536084,-29226.8288942546
2025-08-29,108350.095,1137203.2700084771,174.8983132725116,137203.27000847715,156224.70280481994,10205.396097911686,-29226.8288942546
2025-08-30,108814.945,1138430.55061601,1227.2806075329427,138430.5506160101,161187.44140482,6469.938105444582,-29226.8288942546
2025-08-31,108228.685,1138329.1198198188,-101.43079619132914,138329.11981981876,154928.5296448199,12627.419069253292,-29226.8288942546
2025-09-01,109257.705,1138684.0211832435,354.90136342472397,138684.0211832435,165914.34716481995,1996.5029126780144,-29226.8288942546
2025-09-02,111227.81,1138813.8373054245,129.8161221810151,138813.8373054245,186947.1881448199,-18906.521945140772,-29226.8288942546
2025-09-03,111685.85500000001,1138357.3246133763,-456.5126920482144,138357.3246133763,191837.27656482003,-24253.123057189074,-29226.8288942546
2025-09-04,110715.76000000001,1139848.5318101079,1491.207196731586,139848.53181010787,181480.54234482002,-12405.181640457684,-29226.8288942546
2025-09-05,110649.8,1139720.582065362,-127.94974474585615,139720.58206536202,180776.35338481996,-11828.942425203404,-29226.8288942546
2025-09-06,110187.975,1139521.5475381932,-199.03452716884203,139521.54753819318,175845.90968481998,-7097.533252372369,-29226.8288942546
2025-09-07,111154.67,1139223.1164906102,-298.4310475829989,139223.11649061018,186166.3455048199,-17716.400119955135,-29226.8288942546
2025-09-08,112070.985,1139776.0333369183,552.9168463081587,139776.03333691834,195948.92444481995,-26946.062213647234,-29226.8288942546
2025-09-09,111526.18,1139177.7573897394,-598.2759471789468,139177.7573897394,190132.58626481987,-21727.999980825825,-29226.8288942546
2025-09-10,113959.995,1139870.1270774505,692.3696877111215,139870.1270774505,216115.9952048199,-47019.03923311479,-29226.8288942546
2025-09-11,115482.685,1138564.2113205385,-1305.9157569119707,138564.21132053854,232372.2336448199,-64581.193430026826,-29226.8288942546
2025-09-12,116022.975,1138865.249966802,301.03864626353607,138865.24996680208,238140.36968482,-70048.29082376343,-29226.8288942546
2025-09-13,115918.295,1139175.1229857365,309.87301893439144,139175.12298573647,237022.8060048199,-68620.85412482888,-29226.8288942546
2025-09-14,115307.215,1139913.412641841,738.28965610452,139913.412641841,230498.91592481988,-61358.674388724285,-29226.8288942546
2025-09-15,115365.17,1140893.92471299,980.5120711489581,140893.92471298994,231117.64350481992,-60996.889897575296,-29226.8288942546
2025-09-16,116784.48000000001,1140919.8297167998,25.905003809835762,140919.82971679978,246270.19706482004,-76123.53845376577,-29226.8288942546
2025-09-17,116422.815,1140998.2477551345,78.41803833469748,140998.24775513448,242409.06152481996,-72183.98487543104,-29226.8288942546
2025-09-18,117084.20000000001,1140681.1784142847,-317.0693408497609,140681.17841428472,249470.00778482005,-79562.00047628101,-29226.8288942546
2025-09-19,115632.38500000001,1141333.3453600986,652.1669458139222,141333.34536009864,233970.43084482002,-63410.256590467005,-29226.8288942546
2025-09-20,115685.625,1141357.0338604897,23.688500391086563,141357.03386048973,234538.82108481994,-63954.95833007578,-29226.8288942546
2025-09-21,115243.215,1142003.1262705491,646.0924100594129,142003.12627054914,229815.6519248199,-58585.696760016195,-29226.8288942546
2025-09-22,112659.095,1143692.9702868287,1689.8440162795596,143692.9702868287,202227.58680481993,-29307.787623736698,-29226.8288942546
2025-09-23,111994.455,1144720.521870898,1027.5515840693843,144720.52187089808,195131.89016481995,-21184.539399667312,-29226.8288942546
2025-09-24,113297.25,1144308.7424361573,-411.7794347407762,144308.7424361573,209040.52958481992,-3408.2429021826993,-61323.54424647988
2025-09-25,108998.185,1144156.53439173,-152.2080444272142,144156.5343917301,163143.7116448199,42336.36699339005,-61323.54424647988
2025-09-26,109646.725,1121412.1458308883,-22744.38856084179,121412.1458308883,170067.52468482,12668.165392548159,-61323.54424647988
2025-09-27,109635.845,1121728.8114544807,316.6656235924456,121728.81145448075,169951.36980481993,13100.98589614052,-61323.54424647988
2025-09-28,112148.01000000001,1122063.3636838524,334.55222937162034,122063.36368385237,196771.24334482002,-13384.335414487812,-61323.54424647988
2025-09-29,114353.94,1117999.416458734,-4063.9472251182888,117999.41645873408,220321.75202481996,-40998.79131960616,-61323.54424647988
2025-09-30,114048.935,1120041.5384931266,2042.1220343925525,120041.53849312663,217065.5186448199,-35700.43590521336,-61323.54424647988
2025-10-01,118557.165,1143623.135266176,23581.59677304933,143623.13526617596,265195.38212481985,-60248.70261216389,-61323.54424647988
2025-10-02,120533.56,1142829.1629228513,-793.9723433246836,142829.16292285128,286295.3751448199,-82142.66797548876,-61323.54424647988
2025-10-03,122219.03,1142894.0516972013,64.8887743500527,142894.05169720133,304289.4528648199,-100071.85692113872,-61323.54424647988
2025-10-04,122385.48999999999,1142687.5317093192,-206.51998788211495,142687.5317093192,306066.5798248198,-102055.50386902057,-61323.54424647988
2025-10-05,123462.63,1140625.0809411192,-2062.450768199982,140625.08094111923,317566.12646482,-115617.50127722078,-61323.54424647988
2025-10-06,124671.78,1140227.5073802916,-397.57356082764454,140227.5073802916,330475.0118648199,-128923.96023804862,-61323.54424647988
2025-10-07,121355.43,1142240.935496462,2013.4281161704566,142240.93549646204,295069.6592648199,-91505.17952187794,-61323.54424647988
2025-10-08,123306.005,1142754.7922750881,513.8567786260974,142754.79227508814,315893.99796481995,-111815.6614432519,-61323.54424647988
2025-10-09,121656.47,1144424.812562052,1670.020286963787,144424.81256205193,298283.56230481993,-92535.20549628818,-61323.54424647988
2025-10-10,112816.385,1148495.2124499874,4070.3998879354913,148495.21244998742,203906.81484481986,5533.371748619954,-60944.97414345241
2025-10-11,110659.70999999999,1149067.449233115,572.2367831275333,149067.44923311495,180882.15254481984,29130.270831747705,-60944.97414345241
2025-10-12,114979.42,1150529.644451395,1462.1952182799578,150529.6444513949,226999.3765048199,-15524.757909972486,-60944.97414345241
2025-10-13,115158.05,1151927.2009473972,1397.5564960022457,151927.20094739716,228906.43038481995,-16034.25529397018,-60944.97414345241
2025-10-14,113025.72,1155235.7002014879,3308.4992540907115,155235.70020148787,206141.67530481995,10038.999040120592,-60944.97414345241
2025-10-15,110747.805,1153588.5633238934,-1647.1368775945157,153588.56332389335,181822.65476481986,32710.882702526014,-60944.97414345241
2025-10-16,108165.19,1153941.086082403,352.5227585097309,153941.08608240308,154250.65702481996,60635.403201035784,-60944.97414345241
2025-10-17,106440.84,1154177.0191954325,235.9331130294595,154177.01919543254,135841.4964248199,74804.34796840222,-56468.82519778948
2025-10-18,107192.5,1153837.1215175341,-339.897677898407,153837.12151753413,143866.21858481993,66439.72813050378,-56468.82519778948
2025-10-19,108641.445,1155193.9241824267,1356.8026648925152,155193.92418242665,159335.15540482,52327.59397539613,-56468.82519778948
2025-10-20,110532.08499999999,1157670.4992243417,2476.575041915057,157670.4992243417,179519.62804481984,34619.696377311404,-56468.82519778948
2025-10-21,108355.805,1157375.5277172655,-294.971507076174,157375.52771726553,156285.66276481986,57558.69015023523,-56468.82519778948
2025-10-22,107593.81,1156091.209013263,-1284.3187040025368,156091.209013263,148150.6041448199,64409.4300662325,-56468.82519778948
2025-10-23,110055.34,1158298.6525934609,2207.443580197869,158298.65259346087,174429.8984248199,40337.57936643071,-56468.82519778948
2025-10-24,111004.89499999999,1159755.329155206,1456.6765617451165,159755.32915520598,184567.3476048198,31656.806748175826,-56468.82519778948
2025-10-25,111630.2,1159912.7531896962,157.42403449025005,159912.75318969623,191243.1037848199,25138.474602665923,-56468.82519778948
2025-10-26,114529.54000000001,1161071.5380175074,1158.7848278111778,161071.5380175074,222196.45762482,-4656.094409523019,-56468.82519778948
2025-10-27,114120.735,1162434.5821285136,1363.0441110061947,162434.5821285136,217832.05544481994,1071.3518814833762,-56468.82519778948
2025-10-28,112902.91,1162814.3369607544,379.7548322407529,162814.33696075436,204830.55574481995,14452.606413723866,-56468.82519778948
2025-10-29,110024.62,1164809.9299425525,1995.5929817981087,164809.92994255247,174101.93170481987,47176.82343552215,-56468.82519778948
2025-10-30,108316.75,1164363.1627449389,-446.76719761360437,164363.16274493886,155868.71158481992,61440.69091378532,-52946.23975366637
2025-10-31,109609.41500000001,1165422.0084846106,1058.8457396717276,165422.0084846106,169669.20312482002,48699.045113456865,-52946.23975366637
2025-11-01,110116.73,1166284.2350440295,862.2265594189521,166284.23504402954,175085.2980648199,44145.17673287585,-52946.23975366637
2025-11-02,110576.68,1166715.8952429965,431.66019896697253,166715.8952429965,179995.72426481984,39666.410731842916,-52946.23975366637
2025-11-03,106574.11,1164537.8551965433,-2178.040046453243,164537.85519654327,137264.28694481993,80219.80800538982,-52946.23975366637
2025-11-04,101521.945,1163318.4536600194,-1219.4015365238301,163318.45366001944,83327.37340482,124591.37618956142,-44600.29593436193
2025-11-05,103887.91500000001,1164350.58070117,1032.127041150583,164350.58070117002,108586.46912482001,100364.4075107118,-44600.29593436193
2025-11-06,101337.315,1161735.0535100617,-2615.5271911083255,161735.0535100617,81356.26352481995,124979.08591960365,-44600.29593436193
2025-11-07,103358.255,1164593.6400017713,2858.586491709575,164593.64000177127,102931.81896481998,106262.11697131324,-44600.29593436193
2025-11-08,102312.945,1163760.209867397,-833.4301343741827,163760.2098673971,91772.08940482,116588.41639693904,-44600.29593436193
2025-11-09,104732.725,1167574.2128416386,3814.0029742415063,167574.2128416386,117605.66068481999,94568.84809118051,-44600.29593436193
2025-11-10,106017.18,1168830.8828067111,1256.669965072535,168830.88280671113,131318.50226481986,82112.67647625314,-44600.29593436193
2025-11-11,103052.215,1166051.7425815044,-2779.1402252067346,166051.7425815044,99664.5359248199,110987.50259104626,-44600.29593436193
2025-11-12,101662.64,1164914.8055669724,-1136.9370145320427,164914.80556697235,84829.43322481992,124685.66827651436,-44600.29593436193
2025-11-13,99749.005,1162258.610966696,-2656.194600276416,162258.61096669594,64399.465964819974,142459.44093623792,-44600.29593436193
2025-11-14,94563.64499999999,1155692.6305044843,-6565.98046221165,155692.6305044843,9040.562604819814,178158.68843590445,-31506.62053623979
2025-11-15,95595.08,1157302.9660682357,1610.3355637514032,157302.9660682357,20052.162664819945,168757.42393965565,-31506.62053623979
2025-11-16,94246.48000000001,1154881.2768973745,-2421.689170861151,154881.27689737454,5654.509064820038,180733.3883687943,-31506.62053623979
2025-11-17,92148.87,1079781.0535467218,-75100.22335065273,79781.05354672186,-499.14626628007954,0.0,80280.19981300193
